Topic,Count,Name,Representation,Representative_Docs
-1,767491,-1_ea_enemies_boss_fight,"['ea', 'enemies', 'boss', 'fight', 'dialogue', 'bugs', 'the combat', 'graphics', 'quests', 'bosses']","['It is a game not a movie.cutscenes just keep on going and going……..Most of the times I was just pressing skip button (thanks for that).WE PLAY GAMES FOR FUN NOT FOR GIVING US HEADACHES .Alchemy,crafting,changing weapons,armor, it was too complicated.Many things I didn’t understand.Riding the horse was so annoying that I Preferred walking instead.I still wonder how this game got such positive reviews .It’s a lengthy game so most of you will be wondering that it has great story but the whole story is that the Witcher(Geralt) is in search of a girl Ciri.I know many of u would be looking the hours I played but I just wanted to complete it(because I bought it).I will give it rating 3/10', ""i really don't understand the hype for this game... good for those who love this game i guess this is not for me... the learning curve is so boring... basically all you do during the game is roll/jump and attack.... and the only thing that changes is the ash of war, rune or talismans... every single boss fight is filled with cheap mechanics to make you lose time i love hard games but this one is just plain boring... yes it's hard but each time i defeat a boss i feel like i wasted my time and the game is not worth it.... bottom line, playing this game gets me the same feeling when eating at mc'donalds, you leave ashamed and with regrets thinking you wasted your money."", 'The combat is very fun.']"
0,111617,0_boss_the combat_bosses_souls,"['boss', 'the combat', 'bosses', 'souls', 'combat is', 'dialogue', 'the characters', 'story is', 'map', 'lore']","['The combat is ok.', 'The combat is decent.', 'The combat is fine.']"
1,55633,1_crashes_bugs_early access_access,"['crashes', 'bugs', 'early access', 'access', 'sale', 'crashing', 'crash', 'fps', 'on sale', 'launch']","['Great game for an early access.', 'This is early access?!', 'This is EARLY ACCESS.']"
2,30765,2_companions_inquisition_quests_quest,"['companions', 'inquisition', 'quests', 'quest', 'the companions', 'companion', 'romance', 'side quests', 'solas', 'taash']","['The side quests are meaningful and fun!', 'Companions Companions are the heart of this game.', '*None of the companions are interesting at all.']"
3,10458,3_poe_poe1_poe2_in poe,"['poe', 'poe1', 'poe2', 'in poe', 'in poe1', 'poe and', 'poe2 is', 'poe is', 'to poe', 'diablo']","['PoE 2 is a great ARPG is it better than PoE 1 atm no. Looking forward to putting as much hours into this as I did in PoE 1', 'Like POE(1).', 'Nothing like poe 1, if you like poe just stick to poe 1 , this one doesnt worth your time.']"
4,9644,4_dragon_dragon age_age_the dragon,"['dragon', 'dragon age', 'age', 'the dragon', 'of dragon', 'age fan', 'origins', 'series', 'age and', 'age series']","['This is not a Dragon Age game.', ""I'm a Dragon Age fan."", 'Dragon Age 2 3.']"
5,7487,5_fallout_vegas_new vegas_fallout new,"['fallout', 'vegas', 'new vegas', 'fallout new', 'best fallout', 'vegas is', 'the fallout', 'bethesda', 'obsidian', 'fallout and']","['Fallout: New Vegas.', 'Fallout New Vegas', 'Fallout New Vegas.']"
6,6763,6_enjoying_enjoying it_been said_hasn,"['enjoying', 'enjoying it', 'been said', 'hasn', 'that hasn', 'fun it', 'enjoyed it', 'of fun', 'having fun', 'it good']","[""I'm enjoying it."", ""There's not much I can say that hasn't already been said."", ""There's not much more that hasn't already been said.""]"
7,6393,7_mods_mod_modding_with mods,"['mods', 'mod', 'modding', 'with mods', 'mods to', 'the mods', 'mods and', 'without mods', 'of mods', 'vanilla']","['its fun without mods and it could be better with mods', 'Love the mods.', 'Great with mods.']"
8,6366,8_elden_ring_elden ring_ring is,"['elden', 'ring', 'elden ring', 'ring is', 'souls', 'in elden', 'ring and', 'of elden', 'dark souls', 'dark']","['Elden Ring is one of those games.', 'Elden Ring is amazing.', 'Elden Ring..']"
9,5681,9_diablo_arpg_exile_of exile,"['diablo', 'arpg', 'exile', 'of exile', 'path of', 'path', 'arpgs', 'an arpg', 'exile is', 'best arpg']","['If you liked Path of Exile, you will love Path of Exile 2.', 'This is not Path of Exile.', 'Path of Exile 2 is really 2 games.']"
10,5660,10_dlc_the dlc_dlc is_dlcs,"['dlc', 'the dlc', 'dlc is', 'dlcs', 'base', 'the base', 'the dlcs', 'dlc and', 'dlcs are', 'this dlc']","['Now to review the DLC...', 'The DLC is amazing.', 'For the DLC.']"
11,5465,11_veilguard_the veilguard_veilguard is_dragon age,"['veilguard', 'the veilguard', 'veilguard is', 'dragon age', 'age', 'dragon', 'age the', 'in veilguard', 'age veilguard', 'inquisition']","['Dragon Age: The Veilguard.', 'Dragon age : The Veilguard is...', 'Veilguard.']"
12,5456,12_difficulty_challenge_challenging_the difficulty,"['difficulty', 'challenge', 'challenging', 'the difficulty', 'rewarding', 'curve', 'hard but', 'learning', 'learning curve', 'casual']","['Play this game for the challenge.', '3) The difficulty.', '""DiFfIcUlTy"".']"
13,5297,13_bioware_bioware has_bioware is_of bioware,"['bioware', 'bioware has', 'bioware is', 'of bioware', 'that bioware', 'mass effect', 'mass', 'dragon', 'dragon age', 'age']","['R.I.P BioWare, Dragon Age, and Mass Effect', 'Bioware cannot ""return to form,"" the old Bioware is gone.', 'BioWare is back.']"
14,5232,14_cyberpunk_2077_cyberpunk 2077_2077 is,"['cyberpunk', '2077', 'cyberpunk 2077', '2077 is', 'of cyberpunk', 'the cyberpunk', 'cyberpunk is', 'edgerunners', 'in cyberpunk', 'city']","['Overall, Cyberpunk 2077 is a great game that is worth playing.', 'Cyberpunk 2077 is my favorite game.', 'Cyberpunk 2077 is an incredible game!']"
15,4935,15_negative_positive_write_update,"['negative', 'positive', 'write', 'update', 'to write', 'leave', 'to give', 'the negative', 'will update', 'change my']","['ignore the negative reviews!!', 'Unfortunately, I have to give this a negative review.', 'Negative review.']"
16,4666,16_gate_baldur_baldur gate_baldurs,"['gate', 'baldur', 'baldur gate', 'baldurs', 'baldurs gate', 'gate is', 'gate and', 'of baldur', 'gate was', 'gate baldur']","[""Baldur's Gate 3 before Baldur's gate 3"", ""Baldur's Gate 3 is amazing!"", ""Baldur's Gate 3?""]"
17,4635,17_it 10_solid 10_solid_10 would,"['it 10', 'solid 10', 'solid', '10 would', '10 for', '10 overall', 'of 10', 'is 10', 'overall 10', '10 this']","['Solid 10/10.', 'Solid 8.5/10', 'Solid 8/10 for me.']"
18,4143,18_mass effect_mass_effect_effect is,"['mass effect', 'mass', 'effect', 'effect is', 'the mass', 'trilogy', 'andromeda', 'legendary', 'legendary edition', 'effect legendary']","[""It's the Mass Effect Trilogy!"", 'Mass Effect.', 'mAss Effect']"
19,3911,19_all time_best ve_best ever_best have,"['all time', 'best ve', 'best ever', 'best have', 'greatest', 'ever made', 'the greatest', 'my favorite', 'my top', 'ever one']","['My favourite game of all time and one of the best ever made.', 'This is one of the greatest games of all time.', 'one of the greatest games of all time']"
20,3360,20_bg3_bg3 is_bg3 and_than bg3,"['bg3', 'bg3 is', 'bg3 and', 'than bg3', 'bg', 'of bg3', 'to bg3', 'bg1', 'bg2', 'after bg3']","['BG3 is a good enough game.', 'BG3 is a great game.', 'BG3 is a fantastic game!']"
21,3293,21_da_da2_dai_dao,"['da', 'da2', 'dai', 'dao', 'dav', 'the da', 'da and', 'previous da', 'of da', 'origins']","['DA:O was different from DA:2 and DA:I was different as well.', 'I still love DA:O, DA:2 and DA:I, but this was a massive disappointment.', 'I would rank them: DA:I, DA:O, DA:V, and DA 2.']"
22,3249,22_controller_controls_keyboard_mouse,"['controller', 'controls', 'keyboard', 'mouse', 'the controls', 'wasd', 'controls are', 'mouse and', 'and keyboard', 'with controller']","['Terrible mouse and keyboard controls.', '2 - Controls.', 'The controls are clunky, at least for mouse and keyboard.']"
23,3202,23_witcher_the witcher_witcher is_wild hunt,"['witcher', 'the witcher', 'witcher is', 'wild hunt', 'witcher wild', 'hunt', 'wild', 'witcher and', 'hunt is', 'witcher the']","['Or The Witcher 3', 'Witcher.', 'Witcher?']"
24,3005,24_act_in act_acts_act and,"['act', 'in act', 'acts', 'act and', 'act is', 'of act', 'first act', 'to act', 'act was', 'cruel']","['Act 1 is amazing.', 'Act 2.', 'Act 3.']"
25,2970,25_de_que_jogo_la,"['de', 'que', 'jogo', 'la', 'el', 'un', 'se', 'es', 'en', 'juego']","['El juego en este momento es de los mejores en sus genero, en mi opinion por la gran cantidad de builds que tiene y lo divertido que es su jugabilidad, así que lo recomiendo encarecidamente, pero no olvidemos con futuras releases que se deben ganar nuestra confianza juego a juego.', 'E apesar de não ter feito uma jogatina no caminho maligno ouvi dizer que tem bem menos conteudo do que no lado ""bonzinho""; Negativas: - Larian não sabe trabalhar com inventário desde o DOS 1 e aqui continua a mesma porcaria de sempre, e ainda pior já que o loot é quase sempre inutil, servindo pra apenas vender e ocupar espaço, já estavam na hora de saber trabalhar com um sorting decente; - Outro problema é a IA burra dos companheiros e seu posicionamento, toda hora que tinha armadilha o infeliz tinha que pisar na armadilha (pior que isso se aplica ao personagem do jogador já que você só clica para onde ele vai e não o controla diretamente); - Há vários problemas com camera, principalmente em lugares com andares onde é um porre acertar o local para ele andar; - O Ato 1 é melhorzinho, Ato 2 mais ou menos mas o 3 é um desastre com relação a bugs, tive que fechar o jogo várias vezes para poder ""resetar"" um bug que travou tudo ou pior, ter que voltar save.', 'Si bien tiene un estilo artistico y guión notable, es muy soso, la unica interacción que tienes en este juego son cuadros de dialogo, leer, leer y leer, lo mas emocionante que ocurre son eventos locos o surreales, el resto es una atmosfera constante de pesimismo, es un hueso duro de roer']"
26,2916,26_saves_load_the save_save system,"['saves', 'load', 'the save', 'save system', 'to save', 'saving', 'file', 'my save', 'save file', 'corrupted']","['The save system is terrible.', 'The save system.', 'B) The save system.']"
27,2908,27_skyrim_elder scrolls_elder_scrolls,"['skyrim', 'elder scrolls', 'elder', 'scrolls', 'skyrim is', 'oblivion', 'of skyrim', 'the elder', 'skyrim and', 'like skyrim']","['It´s Skyrim.', 'skyrim is cool', 'I like skyrim']"
28,2847,28_larian_larian studios_studios_you larian,"['larian', 'larian studios', 'studios', 'you larian', 'larian has', 'thank', 'thank you', 'larian and', 'of larian', 'that larian']","['Thank you Larian Studios', 'Thank you Larian Studios', 'Thank you Larian Studios!']"
29,2712,29_sekiro_sekiro is_die twice_sekiro shadows,"['sekiro', 'sekiro is', 'die twice', 'sekiro shadows', 'shadows die', 'shadows', 'in sekiro', 'twice', 'souls', 'of sekiro']","['Sekiro.', 'Sekiro.', 'SEKIRO!!!!']"
30,2665,30_rook_rook is_my rook_rook and,"['rook', 'rook is', 'my rook', 'rook and', 'companions', 'your rook', 'for rook', 'rook the', 'dialogue', 'that rook']","['I love my Rook.', '""Be Who You Want To Be"" As long as that is Rook, because your choices don\'t matter, Rook is Rook, you might want to be a Snarky Rook, or a always positive Rook, but you will always be Rook.', 'Rook.']"
31,2655,31_не_на_это_что,"['не', 'на', 'это', 'что', 'но', 'игра', 'то', 'просто', 'из', 'по']","['И последнее, напомню, секиро, это вторая на моей памяти игра фромов с внятным сюжетом(не лором!), но ёбанный в рот... я убил босса, а дальше ебучий тупик, каким образом я должен догадаться, что мне нужно вернуться на арену к одному из боссов, и там прослушать почти 6 веток диалогов.', 'И последнее, напомню, секиро, это вторая на моей памяти игра фромов с внятным сюжетом(не лором!), но ёбанный в рот... я убил босса, а дальше ебучий тупик, каким образом я должен догадаться, что мне нужно вернуться на арену к одному из боссов, и там прослушать почти 6 веток диалогов.', 'Не, ну серьёзно, когда какой-то босс меня роняет на спину, этот ебучий синошноби будет лежать афк пока ты ему не дашь инпут на мув, в игре, в которой боевая система строится на дефлектах, персонаж не может сука встать от инпута блока... это просто пиздец, я так и не смог привыкнуть к этому и это просто пиздец.']"
32,2092,32_refund_refunded_get refund_refund it,"['refund', 'refunded', 'get refund', 'refund it', 'to refund', 'for refund', 'request', 'the refund', 'requested', 'refunding']","['Wish i could get a refund.', 'Wish I could get a refund,', 'Wish I could get a refund.']"
33,2023,33_disco_elysium_disco elysium_elysium is,"['disco', 'elysium', 'disco elysium', 'elysium is', 'elysium and', 'elysium disco', 'of disco', 'about disco', 'like disco', 'elysium has']","['Disco Elysium', 'Disco Elysium.', 'Play Disco Elysium.']"
34,2009,34_replay_replayability_replay value_value,"['replay', 'replayability', 'replay value', 'value', 'to replay', 'replay it', 'replay ability', 'replaying', 'replayable', 'of replayability']","['The Replay Value.', 'A lot of replay value.', '- Replay value.']"
35,1874,35_ggg_ggg has_ggg is_that ggg,"['ggg', 'ggg has', 'ggg is', 'that ggg', 'ggg will', 'early access', 'ggg ggg', 'and ggg', 'access', 'but ggg']","['Thank you GGG.', 'Thank you GGG!', 'Ggg']"
36,1776,36_fromsoft_fromsoftware_best fromsoft_fromsoftware has,"['fromsoft', 'fromsoftware', 'best fromsoft', 'fromsoftware has', 'from fromsoft', 'first fromsoft', 'for fromsoft', 'fromsoft has', 'best fromsoftware', 'fromsoft is']","['FromSoft,.', 'FROMSOFT', 'FROMSOFT.']"
37,1535,37_me3_me2_me1_me2 and,"['me3', 'me2', 'me1', 'me2 and', 'me2 is', 'in me3', 'and me3', 'of me3', 'me3 is', 'me1 and']","['ME2...', 'ME2...', 'ME2...']"
38,1466,38_medieval_bohemia_medieval rpg_of medieval,"['medieval', 'bohemia', 'medieval rpg', 'of medieval', 'the medieval', 'best medieval', 'middle ages', 'realistic', 'medieval fantasy', 'fantasy']","['best medieval rpg', 'One of the best medieval game', 'the best medieval game.']"
39,1438,39_cdpr_cdpr has_cdpr is_witcher,"['cdpr', 'cdpr has', 'cdpr is', 'witcher', 'that cdpr', 'cdpr for', 'cdpr will', 'you cdpr', 'launch', 'cdpr have']","['Thank you CDPR.', 'Thank you CDPR!', 'CDPR ?????']"
40,1360,40_geralt_ciri_geralt is_rivia,"['geralt', 'ciri', 'geralt is', 'rivia', 'of rivia', 'geralt of', 'yennefer', 'triss', 'of geralt', 'yen']","['Geralt of Rivia', 'Geralt 😍', 'Geralt']"
41,1357,41_trials_honor_ascendancy_trial,"['trials', 'honor', 'ascendancy', 'trial', 'honour', 'sanctum', 'mode', 'honor mode', 'the trials', 'trial of']","['And the ascendancy trials.', 'Ascendancy trials: 0.', 'Trials.']"
42,1357,42_liberty_phantom_phantom liberty_the phantom,"['liberty', 'phantom', 'phantom liberty', 'the phantom', 'liberty dlc', 'dlc', 'liberty is', 'and phantom', 'liberty and', 'expansion']","['The Phantom Liberty DLC was awesome.', 'Phantom Liberty is amazing as well.', 'Phantom Liberty is a really good story.']"
43,1298,43_camera_the camera_camera is_lock,"['camera', 'the camera', 'camera is', 'lock', 'lock on', 'enemy', 'movement', 'your camera', 'fighting', 'camera movement']","['The camera is terrible.', 'The camera is terrible.', 'The camera is terrible.']"
44,1293,44_divinity_sin_original sin_divinity original,"['divinity', 'sin', 'original sin', 'divinity original', 'original', 'sin is', 'in divinity', 'of divinity', 'the divinity', 'about divinity']","['Divinity: Original Sin 2.', 'Divinity: Original Sin.', 'Divinity: Original Sin 2.']"
45,1244,45_woke_the woke_dei_wokeness,"['woke', 'the woke', 'dei', 'wokeness', 'woke stuff', 'anti woke', 'the wokeness', 'too woke', 'is woke', 'anti']","['woke', 'Woke D&D', 'woke']"
46,1168,46_multiplayer_solo_with friends_to with,"['multiplayer', 'solo', 'with friends', 'to with', 'the multiplayer', 'multiplayer is', 'friend', 'alone', 'or with', 'solo or']","['You can play solo or with friends.', 'Played solo.', 'Played solo.']"
47,1153,47_driving_cars_car_travel,"['driving', 'cars', 'car', 'travel', 'fast travel', 'fast', 'the driving', 'driving is', 'vehicles', 'drive']","['Driving...', 'Driving.', 'Driving...']"
48,1145,48_experience it_an experience_amazing experience_cried,"['experience it', 'an experience', 'amazing experience', 'cried', 'great experience', 'laughed', 'cry', 'the experience', 'experience that', 'enjoyable experience']","['An amazing experience overall!', ""It's an experience."", ""It's an experience.""]"
49,1136,49_endgame_campaign_the campaign_the endgame,"['endgame', 'campaign', 'the campaign', 'the endgame', 'endgame is', 'campaign is', 'end is', 'campaign was', 'campaign and', 'endgame content']","['The campaign is great.', 'Endgame?', 'Endgame?']"
50,1124,50_series_franchise_the series_the franchise,"['series', 'franchise', 'the series', 'the franchise', 'this series', 'this franchise', 'best series', 'fan of', 'my favorite', 'fans of']","['Love this series!', 'Love this series!', 'best game in the series']"
51,1117,51_pros_cons_the pros_pros the,"['pros', 'cons', 'the pros', 'pros the', 'graphics', 'pro', 'and cons', 'pros and', 'the cons', 'pros great']","['The pros?', 'These are the Pros and Cons. Pros. • Music.', 'Here are some pros and cons: Pros: 1.']"
52,1111,52_janky_jank_janky and_and janky,"['janky', 'jank', 'janky and', 'and janky', 'the jank', 'jank and', 'is janky', 'of jank', 'janky combat', 'janky the']","['Janky.', 'Janky.', 'janky game']"
53,976,53_recommendation_to anyone_highly it_would highly,"['recommendation', 'to anyone', 'highly it', 'would highly', 'would it', 'definitely it', 'would definitely', 'recommendation would', 'to everyone', 'recommendations']","['Would hIghly recommend it.', 'I would highly recommend it to anyone and everyone.', 'Highly recommend it to anyone.']"
54,975,54_cd_red_projekt_cd projekt,"['cd', 'red', 'projekt', 'cd projekt', 'projekt red', 'cd project', 'project red', 'project', 'red has', 'that cd']","['R.I.P CD PROJEKT RED', 'R.I.P CD PROJEKT RED', 'R.I.P CD PROJEKT RED']"
55,968,55_keanu_johnny_reeves_keanu reeves,"['keanu', 'johnny', 'reeves', 'keanu reeves', 'silverhand', 'johnny silverhand', 'jackie', 'silverhand is', 'his', 'by keanu']","['The character of Keanu Reeves (Johnny Silverhand) is unbearable.', 'Johnny Silverhand, played by Keanu Reeves, is a perfect fit.', 'Keanu Reeves as Johnny Silverhand?']"
56,965,56_ไม_เล_อย_静静地独自品味 游戏毋庸置疑是杰作,"['ไม', 'เล', 'อย', '静静地独自品味 游戏毋庸置疑是杰作', '如果你想体验目前来说本世纪最优秀的对话类游戏 请下载学习版', '为了支持被全员扫地出门的主创人员们 决定退款差评以示抗议', '但讽刺的是 这样难得一见的作品和ip被毁在了一个诈骗犯手上', '我真的很好奇当年被苏联入侵打死的捷克人匈牙利人芬兰人波兰人 被饿死的乌克兰农民', '静静地独自品味', '如果你想体验目前来说本世纪最优秀的对话类游戏']","['我真的很好奇当年被苏联入侵打死的捷克人匈牙利人芬兰人波兰人，被饿死的乌克兰农民，还有那些偷偷翻墙跑去西德的东德人，会不会被这游戏定义为“法西斯极端民族主义分子”啊？', '我真的很好奇当年被苏联入侵打死的捷克人匈牙利人芬兰人波兰人，被饿死的乌克兰农民，还有那些偷偷翻墙跑去西德的东德人，会不会被这游戏定义为“法西斯极端民族主义分子”啊？', '我真的很好奇当年被苏联入侵打死的捷克人匈牙利人芬兰人波兰人，被饿死的乌克兰农民，还有那些偷偷翻墙跑去西德的东德人，会不会被这游戏定义为“法西斯极端民族主义分子”啊？']"
57,960,57_kcd_kcd2_kcd is_for kcd2,"['kcd', 'kcd2', 'kcd is', 'for kcd2', 'kc', 'for kcd', 'wait for', 'can wait', 'in kcd', 'kcd ii']","[""Can't wait for KCD 2!"", 'KCD is a masterpiece!', ""KCD is the best game I've ever played.""]"
58,955,58_ea_ea is_of ea_ea ea,"['ea', 'ea is', 'of ea', 'ea ea', 'ea your', 'give ea', 'to ea', 'an ea', 'but ea', 'ea doesn']","['EA', 'EA', 'EA']"
59,901,59_henry_henry is_blacksmith_as henry,"['henry', 'henry is', 'blacksmith', 'as henry', 'son', 'his', 'of henry', 'blacksmith son', 'henry the', 'henry and']","['Despite your decisions Henry will always remain Henry, and the story is about Henry, not about you.', 'Henry is an idiot.', 'You are just Henry - Henry is just a guy.']"
60,898,60_deck_on deck_the deck_steamdeck,"['deck', 'on deck', 'the deck', 'steamdeck', 'runs', 'my deck', 'deck and', 'it runs', 'great on', 'on steamdeck']","['Played this on the steam deck.', 'Playing on Steam Deck.', 'Played on Steam deck.']"
61,862,61_co op_co_op_coop,"['co op', 'co', 'op', 'coop', 'seamless', 'seamless co', 'mod', 'the seamless', 'op mod', 'op with']","['Not a co-op game.', 'Seamless Co-Op Mod Seamless Co-Op is a totally different game, and very fun.', 'Co-op is only fun if with seamless co-op mod 6.']"
62,833,62_parry_parry parry_parrying_the parry,"['parry', 'parry parry', 'parrying', 'the parry', 'to parry', 'attacks', 'dodge', 'parry and', 'attack', 'slash']","['parry', 'parry', '(A parry.']"
63,823,63_shepard_commander_commander shepard_shepard and,"['shepard', 'commander', 'commander shepard', 'shepard and', 'is my', 'my favorite', 'galaxy', 'favorite on', 'the galaxy', 'the citadel']","['"" I\'m Commander Shepard and this is my favorite game on Steam.', '-Commander Shepard', ""I'm Commander Shepard and this is my favorite game on Steam.""]"
64,816,64_classic_this masterpiece_it masterpiece_masterpiece it,"['classic', 'this masterpiece', 'it masterpiece', 'masterpiece it', 'timeless', 'true masterpiece', 'masterpiece that', 'time classic', 'classic it', 'it classic']","['A timeless classic.', 'A timeless classic.', 'A timeless classic.']"
65,810,65_kingdom_kingdom come_deliverance_come deliverance,"['kingdom', 'kingdom come', 'deliverance', 'come deliverance', 'deliverance is', 'medieval', 'of kingdom', 'in kingdom', 'for kingdom', 'historical']","['Kingdom Come!', 'Kingdom Come Deliverance is a weird game.', 'Kingdom Come Deliverance is a weird game.']"
66,772,66_hype_the hype_hyped_hype and,"['hype', 'the hype', 'hyped', 'hype and', 'hype is', 'hype around', 'understand the', 'don understand', 'over hyped', 'hype don']","[""I don't get the hype."", ""I don't get the hype."", 'Worth the Hype.']"
67,763,67_dos2_bg3_dos2 is_dos,"['dos2', 'bg3', 'dos2 is', 'dos', 'in dos2', 'dos1', 'in dos1', 'in bg3', 'dos is', 'after bg3']","[""This once again necessitated more time on Google and the Steam forums to figure out what order to do things in. DOS2 is a well made game with a lot of positives, and if you're a min/maxer or git gudder it's probably a real treat."", 'DOS2 is so good.', 'DOS2 is so good.']"
68,752,68_mojave_the mojave_legion_ncr,"['mojave', 'the mojave', 'legion', 'ncr', 'the ncr', 'courier', 'mojave wasteland', 'caesar', 'wasteland', 'the legion']","[""It's Fallout, but in the Mojave Desert."", 'The New California Republic (NCR), Caesar’s Legion, the enigmatic Mr. House—they’re all vying for control of the Mojave.', 'To the Mojave.']"
69,746,69_horse_the horse_your horse_riding,"['horse', 'the horse', 'your horse', 'riding', 'my horse', 'horse riding', 'horses', 'horse and', 'on horse', 'to ride']","['-The horse.', '-The horse.', '-The horse.']"
70,734,70_legendary_legendary edition_the legendary_edition,"['legendary', 'legendary edition', 'the legendary', 'edition', 'edition is', 'trilogy', 'this legendary', 'legendary about', 'the original', 'edition was']","['As for the Legendary Edition?', ""And that's it, that's the legendary edition."", 'Legendary Edition.']"
71,721,71_crpg_crpgs_best crpg_best crpgs,"['crpg', 'crpgs', 'best crpg', 'best crpgs', 'crpg ever', 'the crpg', 'crpgs and', 'first crpg', 'love crpgs', 'of crpgs']","['Best crpg ever made', 'Best crpg ever made.', 'Best crpg']"
72,690,72_detective_murder_cop_detective and,"['detective', 'murder', 'cop', 'detective and', 'mystery', 'the murder', 'as detective', 'alcoholic', 'murder mystery', 'solving']","['Detective.', 'DETECTIVE.', 'DETECTIVE.']"
73,664,73_2024_in 2024_2023_2024 and,"['2024', 'in 2024', '2023', '2024 and', '2025', '2024 this', 'the year', '2024 it', 'it 2024', '2024 still']","['I started in 2024.', 'Played for the first time in 2024.', '2024...']"
74,653,74_died_than twice_twice_dying,"['died', 'than twice', 'twice', 'dying', 'you die', 'and died', 'heart attack', 'chair', 'will die', 'killed']","['Died more than twice', 'Died more than twice', 'Died.']"
75,634,75_achievements_achievement_the achievements_all achievements,"['achievements', 'achievement', 'the achievements', 'all achievements', 'achievements and', 'get all', 'every achievement', 'the achievement', 'achievements but', '100 achievements']","['To get all the achievements, yes.', ""I 100% the game achievements and there's a lot to do."", 'I GOT ALL ACHIEVEMENTS!!!!!!!']"
76,622,76_sci_sci fi_fi_best sci,"['sci', 'sci fi', 'fi', 'best sci', 'space', 'fi rpg', 'science fiction', 'scifi', 'science', 'fiction']","['Best sci-fi game / story', 'Best Sci-Fi game.', 'Sci-fi?']"
77,605,77_gta_like gta_deus ex_deus,"['gta', 'like gta', 'deus ex', 'deus', 'ex', 'of gta', 'gta but', 'gta in', 'gta san', 'san andreas']","[""I'm going back to GTA"", 'This game is like GTA in the future.', 'GTA but better.']"
78,593,78_stealth_the stealth_stealth is_stealthy,"['stealth', 'the stealth', 'stealth is', 'stealthy', 'enemies', 'stealth mechanics', 'in stealth', 'of stealth', 'sneak', 'enemies will']","['The stealth is broken.', 'The stealth is broken.', 'Stealth.']"
79,584,79_yay_ho_masataka_masataka oniwa,"['yay', 'ho', 'masataka', 'masataka oniwa', 'gyoubu masataka', 'oniwa', 'gyoubu', 'is gyoubu', 'skrim', 'yo']","['MY NAME IS GYOUBU MASATAKA ONIWA', 'MY NAME IS GYOUBU MASATAKA ONIWA!', 'MY NAME IS GYOUBU MASATAKA ONIWA']"
80,583,80_overrated_most overrated_overhyped_overrated in,"['overrated', 'most overrated', 'overhyped', 'overrated in', 'is overrated', 'overrated of', 'underrated', 'overrated and', 'overrated this', 'an overrated']","['The most overrated game of all time.', 'Overrated game!', 'Overrated game.']"
81,572,81_shadowheart_astarion_karlach_gale,"['shadowheart', 'astarion', 'karlach', 'gale', 'minthara', 'zel', 'lae zel', 'lae', 'her', 'karlach and']","['Shadowheart?', '* Shadowheart.', 'Shadowheart?']"
82,565,82_puzzles_the puzzles_puzzles are_puzzle,"['puzzles', 'the puzzles', 'puzzles are', 'puzzle', 'solve', 'puzzles and', 'puzzles in', 'to solve', 'puzzles to', 'simple']","['- ""Puzzles"".', 'Puzzles.', 'Puzzles.']"
83,562,83_git_git gud_gud_to git,"['git', 'git gud', 'gud', 'to git', 'gud git', 'gud but', 'gud and', 'say git', 'the git', 'saying git']","['Git Gud', 'GIT GUD.', 'Git gud?']"
84,557,84_archery_bow_the bow_arrow,"['archery', 'bow', 'the bow', 'arrow', 'archery is', 'bows', 'arrows', 'reticle', 'bow and', 'aiming']","['- Archery is terrible.', '- Archery is terrible.', '- Archery is terrible.']"
85,551,85_goty_awards_deserves_deserved,"['goty', 'awards', 'deserves', 'deserved', 'praise', 'award', 'won goty', 'the awards', 'the praise', 'the goty']","['Deserved GOTY', 'Deserves the GOTY.', 'Deserved GOTY']"
86,549,86_judy_panam_him_her,"['judy', 'panam', 'him', 'her', 'protagonist', 'ending', 'judy and', 'mercenary', 'kerry', 'vn']","['I grew to love Kerry as a character and as a love interest because of how he seems to care about you and not want anything from you when talking in the text chains like Panam does but there seems to be no ending where we can be together like with Judy and Panam.', 'I grew to love Kerry as a character and as a love interest because of how he seems to care about you and not want anything from you when talking in the text chains like Panam does but there seems to be no ending where we can be together like with Judy and Panam.', 'I grew to love Kerry as a character and as a love interest because of how he seems to care about you and not want anything from you when talking in the text chains like Panam does but there seems to be no ending where we can be together like with Judy and Panam.']"
87,526,87_defeat hesitation_is defeat_hesitation is_hesitation,"['defeat hesitation', 'is defeat', 'hesitation is', 'hesitation', 'defeat', 'feet hesitation', 'beyond hesitation', 'exactly hesitation', 'think hesitation', 'lets come']","['Hesitation Is Defeat.', 'Hesitation is defeat.', 'HESITATION IS DEFEAT.']"
88,521,88_cutscenes_cut_scenes_cut scenes,"['cutscenes', 'cut', 'scenes', 'cut scenes', 'cutscene', 'scene', 'the cutscenes', 'cut scene', 'of cutscenes', 'cutscenes and']","['Cutscenes?', 'Cutscenes?', 'Cutscenes?']"
89,521,89_trilogy_this trilogy_best trilogy_the trilogy,"['trilogy', 'this trilogy', 'best trilogy', 'the trilogy', 'trilogy ever', 'trilogy is', 'trilogy of', 'trilogy in', 'greatest trilogy', 'great trilogy']","['This trilogy is awesome.', 'Love this trilogy!', 'The G.O.A.T trilogy']"
90,520,90_try it_it try_it shot_gave it,"['try it', 'it try', 'it shot', 'gave it', 'to give', 'gave', 'it another', 'it out', 'it go', 'it chance']","['Try it', ""Give it a try, it's amazing!"", ""Give it a try, it's amazing!""]"
91,516,91_kim_kitsuragi_kim kitsuragi_with kim,"['kim', 'kitsuragi', 'kim kitsuragi', 'with kim', 'for kim', 'love kim', 'kim kim', 'kitsuragi kim', 'kim is', 'sex']","['kim kitsuragi', 'kim kitsuragi', 'kim kitsuragi']"
92,516,92_uninstall_uninstalled_to uninstall_uninstalling,"['uninstall', 'uninstalled', 'to uninstall', 'uninstalling', 'uninstall it', 'uninstalling it', 'uninstalled it', 'uninstalled the', 'uninstall the', 'and uninstalled']","['Uninstall.', 'Time to uninstall game.', 'Time to uninstall game.']"
93,514,93_d4_d2_than d4_d3,"['d4', 'd2', 'than d4', 'd3', 'better than', 'd4 and', 'd4 is', 'd4 bad', 'd4 but', 'to d4']","['So much better than D4.', ""It's so much better than D4."", 'D4?']"
94,507,94_balancing_balance_balanced_balancing is,"['balancing', 'balance', 'balanced', 'balancing is', 'the balance', 'the balancing', 'balance is', 'of balancing', 'perfectly balanced', 'some balancing']","['The balancing is just too bad.', 'Balancing.', '-The balancing.']"
95,505,95____,"['', '', '', '', '', '', '', '', '', '']","['.', '.', '.']"
96,500,96_dice_the dice_rolls_dice rolls,"['dice', 'the dice', 'rolls', 'dice rolls', 'roll', 'dice roll', 'rolling', 'dice rolling', 'rolls are', 'roll dice']","['The dice rolls.', 'The dice rolls.', 'Play dice 5.']"
97,500,97_good good_ong good_ahh ong_good tehee,"['good good', 'ong good', 'ahh ong', 'good tehee', 'danny good', 'tehee', 'tehee good', 'thanks danny', 'btw good', 'good fr']","['good game btw', 'GOOD GAME THANKS DANNY', 'good ahh game ong']"
